{
  "dialog_1": {
    "name": "The Insufferably Charming Imprisoner",
    "text": "Well, blast. You've actually done it—broken my curse and ruined my perfectly good entertainment."
  },
  "dialog_2": {
    "name": "The Insufferably Charming Imprisoner",
    "text": "Quite impressive, really, especially with that useless gun of yours."
  },
  "dialog_3": {
    "name": "The Insufferably Charming Imprisoner",
    "text": "Off you go then, pot-smasher. Try not to get locked in any more dungeons."
  },
  "dialog_4": {
    "name": "The Insufferably Charming Imprisoner",
    "text": "The next warden might lack my delightful personality."
  },
  "dialog_5": {
    "name": "The Insufferably Charming Imprisoner",
    "text": "Farewell, and do avoid any suspicious-looking doors in the future."
  }
}
